"method","n","unique_doses_mean","unique_doses_se","n_replicates"
"AB-GP",22,5.434,0.015680876566375,1000
"AB-GP",24,6.09,0.0248700325395549,1000
"AB-GP",26,6.857,0.0277005111562642,1000
"AB-GP",28,7.58,0.0309929114566631,1000
"AB-GP",30,8.237,0.0324327439924975,1000
"AB-GP",32,8.827,0.0350471011540084,1000
"AB-GP",34,9.36,0.0363830142198763,1000
"AB-GP",36,9.782,0.0371194538463843,1000
"AB-GP",38,10.176,0.0394281444982969,1000
"AB-GP",40,10.576,0.040962200891821,1000
"AB-GP",42,10.944,0.0434136931019321,1000
"AB-GP",44,11.306,0.046459902308577,1000
"AB-GP",46,11.68,0.0505584429759873,1000
"AB-GP",48,12.009,0.0545150519663229,1000
"AB-GP",50,12.339,0.0586132622749708,1000
"AB-GP",52,12.694,0.06381564413556,1000
"AB-GP",54,13.048,0.0683693671929935,1000
"AB-GP",56,13.378,0.0741931305487282,1000
"AB-GP",58,13.714,0.0794009351866117,1000
"AB-GP",60,14.03,0.0848781733091865,1000
"AB-GP",62,14.302,0.0910554066878353,1000
"AB-GP",64,14.576,0.0967863192377497,1000
"AB-GP",66,14.863,0.102785192492867,1000
"AB-GP",68,15.119,0.107705336169753,1000
"AB-GP",70,15.369,0.112558911279865,1000
"AB-GP",72,15.628,0.117522029540965,1000
"AB-GP",74,15.844,0.12236272568326,1000
"AB-GP",76,16.075,0.127080779524382,1000
"AB-GP",78,16.278,0.130750953387774,1000
"AB-GP",80,16.482,0.134513084009585,1000
"AB-GP",82,16.652,0.137228742352787,1000
"AB-GP",84,16.813,0.139482925429912,1000
"AB-GP",86,16.945,0.140924926236755,1000
"AB-GP",88,17.066,0.142076844805302,1000
"AB-GP",90,17.197,0.142648307173761,1000
"AB-GP",92,17.311,0.143418436220201,1000
"AB-GP",94,17.422,0.144286987406123,1000
"AB-GP",96,17.529,0.14476918566158,1000
"AB-GP",98,17.618,0.145262442417774,1000
"AB-GP",100,17.704,0.145160102836335,1000
"AB-GP",102,17.794,0.145053799000938,1000
"AB-GP",104,17.874,0.144883108453384,1000
"AB-GP",106,17.957,0.144886656194224,1000
"AB-GP",108,18.034,0.145051314657551,1000
"AB-GP",110,18.106,0.14491295236715,1000
"AB-GP",112,18.164,0.144934847811388,1000
"AB-GP",114,18.228,0.144702988756124,1000
"AB-GP",116,18.288,0.144388032412329,1000
"AB-GP",118,18.345,0.144439737738054,1000
"AB-GP",120,18.399,0.144328201089148,1000
"CA-AB-GP",22,5.054,0.00715088352129547,1000
"CA-AB-GP",24,5.137,0.0135799637486783,1000
"CA-AB-GP",26,5.357,0.0195431044855451,1000
"CA-AB-GP",28,5.676,0.0272353770997533,1000
"CA-AB-GP",30,6.204,0.0296185965444222,1000
"CA-AB-GP",32,6.695,0.0306743527383369,1000
"CA-AB-GP",34,7.118,0.0307411942029099,1000
"CA-AB-GP",36,7.481,0.0307991491373964,1000
"CA-AB-GP",38,7.793,0.0316093364395735,1000
"CA-AB-GP",40,8.089,0.0318762465653517,1000
"CA-AB-GP",42,8.379,0.0329308888954344,1000
"CA-AB-GP",44,8.641,0.0346600680945713,1000
"CA-AB-GP",46,8.882,0.0361577568909271,1000
"CA-AB-GP",48,9.114,0.0385030711305798,1000
"CA-AB-GP",50,9.343,0.0408046077792204,1000
"CA-AB-GP",52,9.562,0.043266939203369,1000
"CA-AB-GP",54,9.78,0.0458443202774531,1000
"CA-AB-GP",56,9.999,0.0489018444477342,1000
"CA-AB-GP",58,10.209,0.0522307098079956,1000
"CA-AB-GP",60,10.446,0.0557511631465406,1000
"CA-AB-GP",62,10.664,0.0584167485958994,1000
"CA-AB-GP",64,10.906,0.061635727974633,1000
"CA-AB-GP",66,11.139,0.065421395269124,1000
"CA-AB-GP",68,11.358,0.0694165301254294,1000
"CA-AB-GP",70,11.572,0.0729529858068752,1000
"CA-AB-GP",72,11.8,0.0765497214878007,1000
"CA-AB-GP",74,12.018,0.0807601275271294,1000
"CA-AB-GP",76,12.217,0.0852477458832677,1000
"CA-AB-GP",78,12.402,0.0900249993085282,1000
"CA-AB-GP",80,12.597,0.0939330315406376,1000
"CA-AB-GP",82,12.788,0.0979727240340629,1000
"CA-AB-GP",84,12.953,0.100632588746976,1000
"CA-AB-GP",86,13.131,0.104089738560886,1000
"CA-AB-GP",88,13.315,0.107159965744014,1000
"CA-AB-GP",90,13.49,0.110770800169405,1000
"CA-AB-GP",92,13.661,0.114469132005891,1000
"CA-AB-GP",94,13.832,0.118134379973536,1000
"CA-AB-GP",96,13.981,0.121356361046162,1000
"CA-AB-GP",98,14.146,0.124909112102706,1000
"CA-AB-GP",100,14.313,0.127903832586793,1000
"CA-AB-GP",102,14.474,0.130982748789604,1000
"CA-AB-GP",104,14.609,0.133348794148657,1000
"CA-AB-GP",106,14.742,0.136073332993471,1000
"CA-AB-GP",108,14.865,0.138556750008698,1000
"CA-AB-GP",110,14.999,0.140458989487066,1000
"CA-AB-GP",112,15.135,0.142573146497165,1000
"CA-AB-GP",114,15.264,0.144710902302644,1000
"CA-AB-GP",116,15.393,0.146533351231121,1000
"CA-AB-GP",118,15.505,0.14822261954555,1000
"CA-AB-GP",120,15.632,0.150030280560576,1000
"IND-GP",22,5.982,0.00420638724961144,1000
"IND-GP",24,6.826,0.0124047522296045,1000
"IND-GP",26,7.56,0.0194107386973494,1000
"IND-GP",28,8.187,0.0249931121642675,1000
"IND-GP",30,8.729,0.0290930473722745,1000
"IND-GP",32,9.211,0.0329479068313082,1000
"IND-GP",34,9.64,0.0355761952106414,1000
"IND-GP",36,10.039,0.0373211986928592,1000
"IND-GP",38,10.407,0.0385595362762292,1000
"IND-GP",40,10.779,0.0402961881917233,1000
"IND-GP",42,11.168,0.0424449947293857,1000
"IND-GP",44,11.532,0.0438736925833796,1000
"IND-GP",46,11.889,0.0452849834904434,1000
"IND-GP",48,12.247,0.0464558839023557,1000
"IND-GP",50,12.55,0.048784012543864,1000
"IND-GP",52,12.862,0.050729966780292,1000
"IND-GP",54,13.159,0.0532405254815686,1000
"IND-GP",56,13.458,0.0551477767210726,1000
"IND-GP",58,13.739,0.0572377074589396,1000
"IND-GP",60,14.018,0.0595585696875204,1000
"IND-GP",62,14.264,0.0622750526469644,1000
"IND-GP",64,14.506,0.0644524485036691,1000
"IND-GP",66,14.711,0.0662711918624591,1000
"IND-GP",68,14.925,0.0678083547431507,1000
"IND-GP",70,15.144,0.0699868713557204,1000
"IND-GP",72,15.341,0.0715950057255731,1000
"IND-GP",74,15.534,0.0734999744642558,1000
"IND-GP",76,15.718,0.0751806366568422,1000
"IND-GP",78,15.903,0.077495784379517,1000
"IND-GP",80,16.063,0.0788241349095836,1000
"IND-GP",82,16.239,0.0815630524902761,1000
"IND-GP",84,16.404,0.0830884329355638,1000
"IND-GP",86,16.575,0.0842583792537839,1000
"IND-GP",88,16.733,0.0862156838640403,1000
"IND-GP",90,16.879,0.0874414375739844,1000
"IND-GP",92,17.021,0.088907049571243,1000
"IND-GP",94,17.14,0.0904022818991455,1000
"IND-GP",96,17.251,0.0916536927755745,1000
"IND-GP",98,17.361,0.0927970381547293,1000
"IND-GP",100,17.482,0.0936506617512468,1000
"IND-GP",102,17.601,0.0943647376073483,1000
"IND-GP",104,17.714,0.0951380851985957,1000
"IND-GP",106,17.829,0.0959737983512686,1000
"IND-GP",108,17.922,0.0966398223055861,1000
"IND-GP",110,18.014,0.097320477163212,1000
"IND-GP",112,18.092,0.0979036318076154,1000
"IND-GP",114,18.174,0.0991340080474483,1000
"IND-GP",116,18.255,0.100259797661012,1000
"IND-GP",118,18.335,0.100791537015436,1000
"IND-GP",120,18.397,0.101359087726087,1000
"P-GP",22,5.99,0.00314800093867678,1000
"P-GP",24,6.917,0.00906604617201971,1000
"P-GP",26,7.641,0.0189862971502997,1000
"P-GP",28,8.069,0.0261710512575235,1000
"P-GP",30,8.402,0.0312629712819075,1000
"P-GP",32,8.697,0.0337984220538967,1000
"P-GP",34,9.024,0.0351092104248537,1000
"P-GP",36,9.321,0.0375948450239175,1000
"P-GP",38,9.619,0.0393622711284345,1000
"P-GP",40,9.897,0.0418825159839419,1000
"P-GP",42,10.172,0.0449492651378912,1000
"P-GP",44,10.453,0.0476871582825509,1000
"P-GP",46,10.736,0.0505852039915118,1000
"P-GP",48,11.006,0.0529033341365434,1000
"P-GP",50,11.298,0.0556623238312442,1000
"P-GP",52,11.55,0.0580592014315636,1000
"P-GP",54,11.818,0.0612423597408414,1000
"P-GP",56,12.058,0.0646437530996988,1000
"P-GP",58,12.287,0.0666263466660905,1000
"P-GP",60,12.539,0.069766369737477,1000
"P-GP",62,12.748,0.0723721889522055,1000
"P-GP",64,12.952,0.0751887581314477,1000
"P-GP",66,13.145,0.0787030442179282,1000
"P-GP",68,13.342,0.081754019593655,1000
"P-GP",70,13.52,0.0842418939524551,1000
"P-GP",72,13.686,0.087080347880489,1000
"P-GP",74,13.851,0.0897711415648585,1000
"P-GP",76,14.013,0.0928194292508117,1000
"P-GP",78,14.17,0.0953319893225154,1000
"P-GP",80,14.319,0.0982083697241935,1000
"P-GP",82,14.457,0.100350491883305,1000
"P-GP",84,14.589,0.102247413334194,1000
"P-GP",86,14.729,0.104049917757706,1000
"P-GP",88,14.859,0.106011119027003,1000
"P-GP",90,14.977,0.107638548192815,1000
"P-GP",92,15.083,0.108820737697155,1000
"P-GP",94,15.189,0.110224445693451,1000
"P-GP",96,15.288,0.111217918634658,1000
"P-GP",98,15.395,0.112586192095881,1000
"P-GP",100,15.507,0.113731639774892,1000
"P-GP",102,15.603,0.114527322100482,1000
"P-GP",104,15.707,0.11532758322037,1000
"P-GP",106,15.782,0.116094590545615,1000
"P-GP",108,15.857,0.116996748840467,1000
"P-GP",110,15.928,0.117663336093537,1000
"P-GP",112,15.995,0.11832571984136,1000
"P-GP",114,16.067,0.118416778935814,1000
"P-GP",116,16.137,0.11877853063302,1000
"P-GP",118,16.2,0.11914779140293,1000
"P-GP",120,16.263,0.119331768909503,1000
"S-GP",22,5.992,0.0028185003005045,1000
"S-GP",24,6.947,0.00708810561724649,1000
"S-GP",26,7.64,0.0171082638713779,1000
"S-GP",28,8.013,0.025327306853917,1000
"S-GP",30,8.325,0.0291242720634048,1000
"S-GP",32,8.637,0.0309546311428385,1000
"S-GP",34,8.956,0.0310004036268082,1000
"S-GP",36,9.243,0.031701040297693,1000
"S-GP",38,9.562,0.0337237793447486,1000
"S-GP",40,9.878,0.0365848938013281,1000
"S-GP",42,10.226,0.0397051696948962,1000
"S-GP",44,10.565,0.0430770313581453,1000
"S-GP",46,10.918,0.0465343039213164,1000
"S-GP",48,11.216,0.0500784569635672,1000
"S-GP",50,11.533,0.0552264516419529,1000
"S-GP",52,11.81,0.059694752394691,1000
"S-GP",54,12.077,0.0640716487705457,1000
"S-GP",56,12.347,0.0685075491043453,1000
"S-GP",58,12.578,0.0723820085045666,1000
"S-GP",60,12.845,0.076294139983329,1000
"S-GP",62,13.077,0.0809173567204133,1000
"S-GP",64,13.296,0.0853092120562701,1000
"S-GP",66,13.494,0.0896325721933606,1000
"S-GP",68,13.687,0.0931219775493557,1000
"S-GP",70,13.885,0.0969183582618286,1000
"S-GP",72,14.071,0.100419336001803,1000
"S-GP",74,14.265,0.104151920878218,1000
"S-GP",76,14.465,0.108205746074243,1000
"S-GP",78,14.621,0.111865423044267,1000
"S-GP",80,14.8,0.115114079292028,1000
"S-GP",82,14.965,0.11821907947007,1000
"S-GP",84,15.126,0.120825174209362,1000
"S-GP",86,15.263,0.123016112619299,1000
"S-GP",88,15.399,0.125113758046237,1000
"S-GP",90,15.498,0.126562293018158,1000
"S-GP",92,15.597,0.127737652663214,1000
"S-GP",94,15.691,0.128483567147815,1000
"S-GP",96,15.798,0.129320995665514,1000
"S-GP",98,15.894,0.130398496033381,1000
"S-GP",100,16.004,0.131046393148217,1000
"S-GP",102,16.109,0.131546278637685,1000
"S-GP",104,16.183,0.131813830404423,1000
"S-GP",106,16.255,0.132111424291877,1000
"S-GP",108,16.335,0.132500306910329,1000
"S-GP",110,16.421,0.132292328803526,1000
"S-GP",112,16.495,0.132209887884585,1000
"S-GP",114,16.564,0.13252723292768,1000
"S-GP",116,16.627,0.132481781473614,1000
"S-GP",118,16.696,0.132321929751244,1000
"S-GP",120,16.753,0.132512454322417,1000
