"method","n","regret_mean","regret_se","near_optimal_mean","near_optimal_se","dose_distance_mean","dose_distance_se","rpsel_mean","rpsel_se","pmad_mean","pmad_se","unique_doses_mean","unique_doses_se","total_cost_mean","total_cost_se","n_replicates"
"AB-GP",20,0.121966014344117,0.00661409936199433,0.939,0.00564010734036249,1.09226401043504,0.0100460270131693,0.537534590684709,0.00637762176262516,0.402178033799287,0.00825279941142039,5,0,95,0,1000
"AB-GP",22,0.14910964085082,0.00716734741802732,0.8865,0.00761089191065513,1.08869798798019,0.0107075082599893,0.483375509607398,0.00613093268169822,0.356922122750228,0.00756928117534186,5.47,0.0157907995158367,104.05,0.236861992737551,1000
"AB-GP",24,0.176293819683926,0.00782881726232372,0.838,0.0088223485441142,1.09729677742204,0.0118553800151022,0.459593649307874,0.00619976075127691,0.338461626092492,0.00750822511067642,6.073,0.0269888754748952,115.095,0.404833132123428,1000
"AB-GP",26,0.198746008966514,0.0080967313434794,0.797,0.0095594132865141,1.0937584198751,0.0117051692118611,0.436894193012986,0.00592489811285059,0.318775814526384,0.00707443134526352,6.818,0.0315574376632811,128.27,0.473361564949216,1000
"AB-GP",28,0.203715126381243,0.00823294956997269,0.782,0.00995364632057394,1.08124404227674,0.0119395162931455,0.417380788634205,0.00547746414688255,0.304082666449942,0.00650973008083021,7.561,0.0352919895234673,141.415,0.529379842852009,1000
"AB-GP",30,0.21649002465388,0.00862960328391278,0.769,0.010136160108332,1.09147909545841,0.0125098145671849,0.404685138397986,0.00537824949437495,0.295661408713031,0.00637368880451799,8.198,0.0378447912958736,152.97,0.567671869438104,1000
"AB-GP",32,0.211967642725999,0.00857024131969353,0.774,0.00992585122407759,1.07132861445108,0.0122980358068026,0.392266711148075,0.00518811000147507,0.286265385908906,0.00616493154414718,8.777,0.0404587185648274,163.655,0.606880778472411,1000
"AB-GP",34,0.213767056150979,0.00849662982346294,0.7725,0.00980254251915491,1.06210812694238,0.0121102923707535,0.381138504397737,0.00502551616147947,0.277723971977105,0.00597848992344669,9.279,0.0424377185998489,173.185,0.636565778997733,1000
"AB-GP",36,0.201901093814464,0.00814012274597542,0.784,0.00953598106829785,1.04047465437516,0.0113529041860502,0.366913446040106,0.00481589028946616,0.266158301301899,0.00571066008847797,9.728,0.0441130588597295,181.92,0.661695882895943,1000
"AB-GP",38,0.192475794191758,0.00795126844870807,0.7915,0.00934693078583099,1.0170180182877,0.0112032602502692,0.357437143038475,0.00471903422267814,0.25969853007048,0.00558091013492871,10.129,0.0458307697890779,189.935,0.687461546836169,1000
"AB-GP",40,0.180810086378476,0.00738032984001766,0.792,0.00918260966829802,0.995439531899618,0.0106939189479374,0.345565039015579,0.00460044792636049,0.248655308852058,0.00545722148277321,10.49,0.0467127614478322,197.35,0.700691421717484,1000
"AB-GP",42,0.176885648557658,0.00719690609589546,0.7985,0.00912310150009201,0.98919055924981,0.0103535599593406,0.331638649397143,0.00458649865328833,0.235843723564809,0.00536468781514765,10.847,0.0485174705126405,204.705,0.727762057689608,1000
"AB-GP",44,0.177426179768698,0.00717999071970796,0.801,0.00899888770793257,0.987088416540254,0.0103579239044973,0.325824802298137,0.00463737109030686,0.231458233896644,0.00542219571217246,11.181,0.0502271018650465,211.715,0.753406527975698,1000
"AB-GP",46,0.171027257762126,0.00700553771568877,0.809,0.0088655286135457,0.976791064313198,0.0103863589796947,0.318206577451498,0.00452663170388256,0.22583023444817,0.00528749469397724,11.533,0.052284267659064,218.995,0.78426401488596,1000
"AB-GP",48,0.172330508809618,0.00704714868965549,0.8015,0.00896817585566754,0.973482091215891,0.0104231139952142,0.307594834871706,0.004322881839339,0.216292099534754,0.00504248761980833,11.848,0.0540908663437906,225.72,0.81136299515686,1000
"AB-GP",50,0.1735759085916,0.00719535389812861,0.809,0.00892180467162326,0.976494884739575,0.0103972109639564,0.298425380583827,0.00438357892299293,0.208513739633084,0.00506275766080242,12.159,0.0563817159892983,232.385,0.845725739839475,1000
"AB-GP",52,0.165249944803353,0.00674480678559032,0.8085,0.00884058289401247,0.958979045608012,0.0102780161802531,0.294975648164505,0.00432546530362396,0.206405100238618,0.0050491614087553,12.466,0.0584659068369102,238.99,0.876988602553653,1000
"AB-GP",54,0.162250699061703,0.00685772655779213,0.816,0.00878756059559314,0.95972873505996,0.0104858285606507,0.286732546083336,0.00421655879296312,0.200560390114345,0.00489485824181495,12.747,0.0606025054239811,245.205,0.909037581359717,1000
"AB-GP",56,0.158669684567762,0.00669907331204009,0.8185,0.00868234606158572,0.95272873505996,0.010154862812656,0.279662837678361,0.00408453738463736,0.195552959553922,0.0047266729166072,13.023,0.0635492683632905,251.345,0.953239025449357,1000
"AB-GP",58,0.158250199652326,0.00657802241546641,0.8135,0.00857562191863023,0.947326305664093,0.0102142286977815,0.271158469158458,0.00385076008188397,0.187725326935265,0.00444911960921633,13.3,0.0663204221819976,257.5,0.994806332729964,1000
"AB-GP",60,0.15311820699754,0.00620662328734835,0.816,0.00834947385849634,0.934035946351445,0.0096847924672622,0.266270494401326,0.00385225437446155,0.182542917533521,0.0044345709087741,13.569,0.069166632294937,263.535,1.03749948442406,1000
"AB-GP",62,0.149779855090584,0.00624035045811982,0.8225,0.0083853481778674,0.930957208678648,0.00972048012797466,0.263184224604461,0.00390918022378631,0.180186946861531,0.00451518420483846,13.843,0.0723850163403352,269.645,1.08577524510503,1000
"AB-GP",64,0.144817227443979,0.00618202686184929,0.8315,0.00827201161605665,0.926704708927099,0.00975045332596544,0.256395777975051,0.00384141421734582,0.175284108611219,0.00440232341166147,14.103,0.0759088476605537,275.545,1.13863271490831,1000
"AB-GP",66,0.13989849702813,0.00587255373921646,0.8375,0.00805659100728457,0.914022179836103,0.00954051179326604,0.257142002388724,0.00392471327293155,0.177607678802167,0.00447054884967133,14.364,0.0797613055677116,281.46,1.19641958351567,1000
"AB-GP",68,0.136670481672052,0.00573065195951208,0.841,0.00795501617108867,0.904935296247163,0.0097909676892997,0.250383648107078,0.00374312254267443,0.170886541735475,0.00429207750148971,14.619,0.0834673936684608,287.285,1.25201090502691,1000
"AB-GP",70,0.138028528471523,0.00591543830379716,0.8425,0.00787437335638562,0.902957684733857,0.00988586642330431,0.244459584907057,0.00352131129547779,0.165086367959177,0.0040266885729214,14.831,0.0869367413525317,292.465,1.30405112028798,1000
"AB-GP",72,0.135311329851177,0.00583637035576822,0.854,0.00759879870385719,0.903812262755316,0.00979013451857056,0.237828801731349,0.00337764131108091,0.160136734940385,0.00383622171583531,15.073,0.0905641920014355,298.095,1.35846288002153,1000
"AB-GP",74,0.128199541644253,0.00548100910913416,0.855,0.00755195551046429,0.888878947061059,0.00951949489649908,0.231523241802786,0.00333767363874932,0.153991113067482,0.00378508533721517,15.302,0.0944336471482157,303.53,1.41650470722324,1000
"AB-GP",76,0.127334587424302,0.00532965408707775,0.852261306532663,0.00761037252683274,0.887113982904012,0.0092944237532114,0.228904546690235,0.00327974693405879,0.152902646014656,0.00371576994014473,15.4713567839196,0.095952768231953,308.070351758794,1.4392915234793,995
"AB-GP",78,0.127985523683282,0.00542457582564758,0.850753768844221,0.0077293148331415,0.888036093373543,0.00943189870907418,0.224119825712117,0.00309210388556155,0.149728440697848,0.00350603973503398,15.6683417085427,0.0996974927811751,313.025125628141,1.49546239171763,995
"AB-GP",80,0.124070198813053,0.00529869934315537,0.859798994974874,0.00750397740902739,0.87947576279529,0.00944074907323873,0.22330698608455,0.00326559474939504,0.150495037450669,0.00371311314403828,15.878391959799,0.102870666716471,318.175879396985,1.54306000074706,995
"AB-GP",82,0.124589535104814,0.0054092246078443,0.85929648241206,0.00757835941596586,0.875161297248744,0.00992513050160566,0.220784680901114,0.00330860718970658,0.147553246686519,0.00370481366060767,16.0894472361809,0.105628766308627,323.341708542714,1.5844314946294,995
"AB-GP",84,0.122038769016283,0.00524130393134245,0.858793969849246,0.00751868967854704,0.868097014639384,0.00958890756080163,0.217354284209389,0.00320446829688468,0.146211831631794,0.00359777841696715,16.2582914572864,0.107683913835853,327.874371859297,1.6152587075378,995
"AB-GP",86,0.116259929886465,0.00496456132554478,0.863819095477387,0.00751108348187681,0.868268347025254,0.00960334053501696,0.216412234299213,0.0034178497929917,0.145234870784315,0.00378988080474707,16.4261306532663,0.10993590386434,332.391959798995,1.64903855796511,995
"AB-GP",88,0.118658232544606,0.00498682032211215,0.860804020100502,0.00755630324687294,0.86913664956865,0.00968798796932168,0.214510918982191,0.00339901824784296,0.144303516154209,0.00376113446474309,16.5708542713568,0.111897771941846,336.562814070352,1.67846657912769,995
"AB-GP",90,0.115055241487241,0.00489027934850712,0.864824120603015,0.00739381892567834,0.86019573642111,0.00973386414666405,0.209923951688859,0.00331553066057879,0.140294069982594,0.00368564107022014,16.729648241206,0.113817331633264,340.94472361809,1.70725997449895,995
"AB-GP",92,0.112455418287645,0.00503027839565502,0.871724890829694,0.00750256871502713,0.847683115586279,0.0101865583291585,0.203389902936607,0.00316771558066425,0.136027290880042,0.00351899480405551,16.2445414847162,0.101479396887872,335.668122270742,1.52219095331808,916
"AB-GP",94,0.111083861437536,0.00515492545038753,0.874454148471616,0.00749338339505081,0.844466454982026,0.0104980842335911,0.200436184892855,0.00318124102501609,0.133810243035545,0.0035509880732718,16.382096069869,0.103603128324224,339.731441048035,1.55404692486336,916
"AB-GP",96,0.109339615764201,0.00494249183688917,0.877183406113537,0.00740294889611725,0.841249794377772,0.0104115869901051,0.200252932887405,0.0033004320902144,0.134504081223836,0.00364507165875281,16.5327510917031,0.105563932506296,343.991266375546,1.58345898759444,916
"AB-GP",98,0.107823609526236,0.00475219320923167,0.877183406113537,0.00744313182779521,0.838300415313493,0.0102219792547564,0.199208435512119,0.00329909680407119,0.134867341289612,0.00365851352417028,16.6386462882096,0.1067852856942,347.579694323144,1.601779285413,916
"AB-GP",100,0.100202042575151,0.00414213136359987,0.881004366812227,0.00728895901676051,0.824041453798825,0.00999033928970126,0.19804729765894,0.00330311006067983,0.134595725741688,0.00367299480693108,16.7554585152838,0.107829502226273,351.331877729258,1.61744253339409,916
"AB-GP",102,0.10302077133093,0.00461007858524626,0.88264192139738,0.00733826954446328,0.827014076679022,0.010290019539745,0.192585233759568,0.00306930677849857,0.129377999692205,0.00339322919181404,16.8810043668122,0.108847130646519,355.215065502183,1.63270695969778,916
"AB-GP",104,0.10121527128723,0.00454772767479529,0.884825327510917,0.00721240887522851,0.82306067019042,0.0102550025994281,0.191568390389832,0.00309118282975826,0.128925890666336,0.00341914328355595,16.9781659388646,0.109074527866806,358.672489082969,1.63611791800208,916
"AB-GP",106,0.103450452196224,0.00512533709067137,0.880145278450363,0.00772200066368086,0.819032436565379,0.0111402943318277,0.188023757985207,0.00326938114807015,0.126752896769707,0.00361363850913951,16.4019370460048,0.0974135911183618,352.029055690073,1.46120386677543,826
"AB-GP",108,0.102221474203702,0.00505035064161492,0.880145278450363,0.00776936443971941,0.82262933584345,0.0109641606646861,0.184339675469719,0.00310177898234173,0.123767785571279,0.00342604029191527,16.4927360774818,0.0987741759431337,355.391041162228,1.48161263914701,826
"AB-GP",110,0.105329842552838,0.0053949108123786,0.880750605326877,0.00766186254665962,0.82980690011308,0.0112967158562831,0.181475228135079,0.00284623588270839,0.121702318540865,0.00316238118130446,16.5714285714286,0.0998074727063095,358.571428571429,1.49711209059464,826
"AB-GP",112,0.10695990752467,0.0053896660249238,0.878934624697337,0.00774657881971029,0.830559103918842,0.0113134612546794,0.179620914820817,0.00280175008587906,0.120897162044914,0.00310095517825121,16.6476997578693,0.100175798439105,361.715496368039,1.50263697658657,826
"AB-GP",114,0.0999515335428253,0.0049195421609373,0.885593220338983,0.00760752736138111,0.819645949045911,0.0109410589246113,0.179572916392764,0.00303865545918923,0.121240842473643,0.00335748702603016,16.7215496368039,0.100799914750962,364.823244552058,1.51199872126444,826
"AB-GP",116,0.0997923667551259,0.0049115063404492,0.888014527845036,0.00745680877472028,0.818345049813496,0.0112615997108122,0.174573876561047,0.00276500960081413,0.116033509228944,0.00308199070712003,16.8050847457627,0.101291235381234,368.076271186441,1.51936853071851,826
"AB-GP",118,0.0975794619514648,0.0048664273645957,0.88861985472155,0.00744318629905636,0.819412805275057,0.0111642741574968,0.173688889750485,0.00274814181994111,0.116194185344223,0.00305273387595881,16.8849878934625,0.10182914285195,371.274818401937,1.52743714277925,826
"AB-GP",120,0.0974501914242358,0.00496605567323981,0.88861985472155,0.00744318629905636,0.817986478901119,0.0113348021408657,0.172047336021529,0.00282513610037576,0.114972557030213,0.00312132555393752,16.9479418886199,0.102164996708824,374.219128329298,1.53247495063236,826
"CA-AB-GP",20,0.121966014344117,0.00661409936199433,0.939,0.00564010734036249,1.09226401043504,0.0100460270131693,0.537534590684709,0.00637762176262516,0.402178033799287,0.00825279941142039,5,0,95,0,1000
"CA-AB-GP",22,0.106610628917447,0.00574073345677638,0.9525,0.00495159249820381,1.06814306186058,0.00856209119943336,0.456560376500514,0.00569683891098127,0.33269060749446,0.00718703536566828,5.036,0.00589395781616553,97.54,0.0884093672424829,1000
"CA-AB-GP",24,0.0963491073732262,0.00512542664415569,0.9585,0.00469572143549847,1.05276008301121,0.00737386396629059,0.397125547202583,0.00505517347010158,0.282178736054527,0.00633273987983927,5.062,0.00939384076106489,99.93,0.140907611415973,1000
"CA-AB-GP",26,0.0930921507499234,0.00471218353478515,0.957,0.00481395618739662,1.03818042396969,0.00672513313079322,0.365607208426583,0.00497320410416308,0.25689895499162,0.0060549582040939,5.196,0.0150934360505424,103.94,0.226401540758135,1000
"CA-AB-GP",28,0.0878043622489154,0.00419333960147096,0.956,0.0048049024014112,1.02566061242287,0.00597990113257526,0.338468547365332,0.00457817944075406,0.236606377760407,0.00548292566251703,5.339,0.0202110733878111,108.085,0.303166100817167,1000
"CA-AB-GP",30,0.0977204006747982,0.00468489145868369,0.934,0.00605645776677099,1.02087040729256,0.00697617238668654,0.328502475171844,0.0047580443580934,0.229263518609314,0.00559250600714348,5.598,0.0253187092292841,113.97,0.379780638439262,1000
"CA-AB-GP",32,0.101220280653068,0.00472173056819044,0.9235,0.00639833483718137,1.01782171515068,0.0067604565262112,0.310840430326404,0.00459376965796284,0.214583625685311,0.00536233110729982,5.857,0.0297899049753174,119.855,0.446848574629761,1000
"CA-AB-GP",34,0.111837088492309,0.00490652701224586,0.8925,0.00746655874546631,1.01176612700245,0.00736598085322806,0.301536706034802,0.00436093403189823,0.207117960701575,0.00504813132737664,6.202,0.0320347034046239,127.03,0.480520551069359,1000
"CA-AB-GP",36,0.120960287799106,0.0054967406993478,0.878,0.0077895235205163,1.00870882570592,0.00807050440616196,0.299181019416315,0.00480827892636142,0.207556621534544,0.00546239341288992,6.547,0.0325707207757497,134.205,0.488560811636245,1000
"CA-AB-GP",38,0.119315327564122,0.00525502918327087,0.875,0.00780614731707876,1.00055039824991,0.00791967782037645,0.285042356535906,0.00437524202251875,0.194307989304363,0.00502512876361613,6.885,0.0332096052050891,141.275,0.498144078076336,1000
"CA-AB-GP",40,0.129058685688492,0.00556966544891151,0.853,0.00845354733011311,1.00168102610057,0.00815541792995833,0.283758625135264,0.0043080257843728,0.196079295078706,0.00494834276392562,7.185,0.0331039404130516,147.775,0.496559106195774,1000
"CA-AB-GP",42,0.132181319658208,0.00576585002958443,0.85,0.00845999831983267,1.00080013388614,0.00817849152555832,0.278128044164072,0.00441070824689404,0.192539069003913,0.00506421374707608,7.434,0.0328134228741947,153.51,0.49220134311292,1000
"CA-AB-GP",44,0.140719266073562,0.00604525354673166,0.8325,0.00887538858431125,0.997946728518115,0.00884883919591243,0.276966911608213,0.00452396315959775,0.193509306557209,0.00515429381656738,7.656,0.0335080107852852,158.84,0.502620161779277,1000
"CA-AB-GP",46,0.147521677284038,0.00627531213388236,0.819,0.00907310979330248,0.996164527413624,0.00933328821746487,0.275387627871018,0.00453809534286498,0.194172492011212,0.00514743918422087,7.861,0.0343927588579611,163.915,0.515891382869417,1000
"CA-AB-GP",48,0.144216894267803,0.00612394338017368,0.819,0.00901777801458432,0.984556352489303,0.00921119839115218,0.267607001066621,0.00443730711341236,0.187573187066572,0.00504736206916246,8.038,0.0346952411687793,168.57,0.52042861753169,1000
"CA-AB-GP",50,0.144294817948025,0.0062056737395534,0.8305,0.00860777810145242,0.983002197605824,0.00892248830173156,0.264305681686715,0.00454870314868663,0.186241432155543,0.00514777167040116,8.205,0.0364733506180239,173.075,0.547100259270359,1000
"CA-AB-GP",52,0.139238898403765,0.00600023383813726,0.8315,0.00853994617551426,0.977536634360444,0.00870735724788509,0.257392907765709,0.0043427022849483,0.180756335223181,0.00490000530053752,8.357,0.0376426349764196,177.355,0.564639524646294,1000
"CA-AB-GP",54,0.139115102235278,0.00613454799217955,0.8285,0.00865521014549402,0.972651358639895,0.00919756860400537,0.256360537216578,0.00452449002836734,0.181383185884378,0.00505478621137643,8.528,0.0393289049270732,181.92,0.589933573906098,1000
"CA-AB-GP",56,0.144715916192949,0.00664700725238681,0.8325,0.0084121646747145,0.980082485130655,0.00971223772608767,0.258304016702595,0.0050170759951738,0.185380983395307,0.00555433276512414,8.701,0.0412468216993782,186.515,0.618702325490674,1000
"CA-AB-GP",58,0.146241175051942,0.00678658280156487,0.8375,0.00833145624504883,0.980448019367857,0.0098072086990491,0.25433608458406,0.0047814919110896,0.182766305286501,0.00533609203961374,8.863,0.0434755232414875,190.945,0.652132848622313,1000
"CA-AB-GP",60,0.141055184729079,0.00644238737679363,0.84,0.0082745675698775,0.973815554209255,0.009412005071873,0.246565209925698,0.0045489959089483,0.176327718089462,0.00507216132600977,9.013,0.0453970471715055,195.195,0.680955707572582,1000
"CA-AB-GP",62,0.133817041491882,0.00614552672947821,0.844,0.00801425157006119,0.960439063756311,0.00913607582171563,0.236975812817229,0.00418943466368643,0.167832237367213,0.00470113348958773,9.18,0.0482900810926212,199.7,0.724351216389318,1000
"CA-AB-GP",64,0.133429592743687,0.00616761987311539,0.8475,0.00809687034040371,0.963249961955696,0.00933502487057466,0.236411087201374,0.00433242026815241,0.167687757622023,0.00482522018384522,9.34,0.0509214394238124,204.1,0.763821591357186,1000
"CA-AB-GP",66,0.135595988197044,0.00624135699012352,0.842,0.00822214105957832,0.958577027827709,0.00960663293121955,0.235399268989522,0.00450343691770692,0.167315109384709,0.00497268800214575,9.493,0.0536547279354749,208.395,0.804820919032123,1000
"CA-AB-GP",68,0.128912741498064,0.00599464995288015,0.8515,0.00785872187505764,0.94819203956307,0.00924442325319519,0.230676364275574,0.00429057376145441,0.163923979333,0.00473818268996052,9.632,0.0563715686650084,212.48,0.845573529975126,1000
"CA-AB-GP",70,0.131275738349665,0.00604744222242321,0.852,0.00782030416014346,0.949924821185759,0.00913571203366675,0.230354886254559,0.00429990463216215,0.164297629229852,0.00473764812557293,9.765,0.0592392123874405,216.475,0.888588185811607,1000
"CA-AB-GP",72,0.1296368079821,0.00606703974674164,0.855,0.0078125563061034,0.953027251351225,0.00928769920334693,0.223683542168199,0.00416924860061879,0.158009969858525,0.00462620115325335,9.932,0.061961401010752,220.98,0.92942101516128,1000
"CA-AB-GP",74,0.123069916295991,0.00596739262669733,0.8695,0.00760115303934393,0.952759411877812,0.00922042150328563,0.218839860374053,0.00413608270000038,0.154114672166621,0.00458425053160511,10.083,0.065194795508241,225.245,0.977921932623615,1000
"CA-AB-GP",76,0.121962926455726,0.0058419590144142,0.872,0.00752812544214512,0.952109130337939,0.00899209613718567,0.215965556060916,0.00410473630216319,0.151764803393642,0.00454330323376151,10.225,0.0676827596656339,229.375,1.01524139498451,1000
"CA-AB-GP",78,0.122889533604484,0.00594117267945586,0.8695,0.00753502000836936,0.947552305096625,0.00932396879217064,0.214454904528884,0.00413432891174164,0.150359342011139,0.00458062442938091,10.351,0.0698188633083759,233.265,1.04728294962564,1000
"CA-AB-GP",80,0.118078100348962,0.00566328289066373,0.871,0.00741039229149941,0.939672528288872,0.00922887677739926,0.211194919678557,0.00413825851284965,0.147561513307017,0.00455145135144388,10.499,0.0721609742603729,237.485,1.08241461390559,1000
"CA-AB-GP",82,0.118308323858282,0.00557006126528665,0.871,0.00757736210144509,0.935591389458788,0.00914211248408417,0.20675323559531,0.00380277904510944,0.14311442456917,0.00420323859802119,10.65,0.0742092110657903,241.75,1.11313816598685,1000
"CA-AB-GP",84,0.113492489251269,0.00535615826425758,0.88,0.00725621476064847,0.930955826544676,0.00881128147311386,0.203188807603774,0.00378038739520702,0.139849164712656,0.00419465731715526,10.797,0.0764698544436867,245.955,1.1470478166553,1000
"CA-AB-GP",86,0.106141396366356,0.00493064356798458,0.8815,0.00712450057958511,0.917493549654106,0.0087021781167097,0.197923153544801,0.00357196082327392,0.135326015277726,0.00395239929794866,10.934,0.078522670674206,250.01,1.17784006011309,1000
"CA-AB-GP",88,0.107194194785754,0.00512404707971384,0.886,0.00718021974284601,0.922683127509931,0.00892385033852148,0.196575113906482,0.00362344105875304,0.135712782005169,0.00402679486824671,11.103,0.081835738452635,254.545,1.22753607678953,1000
"CA-AB-GP",90,0.105978929703384,0.00501672424731298,0.887,0.00712613371905003,0.917768913947558,0.00901064267916975,0.193170667016989,0.00351974896678485,0.132249831340591,0.00387049472189266,11.259,0.0836116613272928,258.885,1.25417491990939,1000
"CA-AB-GP",92,0.107396016626855,0.00495137361203726,0.8805,0.00731596017439087,0.91343234090667,0.00887440332739966,0.192487120308432,0.00341098841633941,0.131783544392475,0.00375183578126686,11.401,0.0857178309720127,263.015,1.28576746458019,1000
"CA-AB-GP",94,0.10626702449584,0.00498582535338074,0.885,0.00712922336764853,0.911885586683575,0.0090125205673868,0.191672084053199,0.003565325274981,0.132150022813449,0.00389033954653161,11.561,0.0876467966383311,267.415,1.31470194957497,1000
"CA-AB-GP",96,0.104321647424407,0.0048722367290527,0.882,0.00721998117228349,0.902797341841902,0.00907475369815954,0.188431284299194,0.00349209115761754,0.128624300448573,0.003788061656781,11.695,0.0897553955538665,271.425,1.346330933308,1000
"CA-AB-GP",98,0.0964315730394976,0.0042132002365288,0.8905,0.00702204094683726,0.895598433124488,0.00843954729615848,0.18303962543501,0.00312192028069477,0.123723519447689,0.00339950031956066,11.834,0.0923307585204896,275.51,1.38496137780734,1000
"CA-AB-GP",100,0.0978923362989632,0.00414302885256551,0.8885,0.0069545751930737,0.889515933041671,0.0084272898964215,0.182533519380008,0.00303051995442294,0.123052318597227,0.0032885239142913,11.975,0.0941766650728526,279.625,1.41264997609279,1000
"CA-AB-GP",102,0.0941339414288362,0.00394436711911046,0.8895,0.00693453948275138,0.886458010649045,0.00846825503190819,0.17915542802595,0.00307210383231073,0.120820750310775,0.00332795541578828,12.112,0.0963365804704357,283.68,1.44504870705654,1000
"CA-AB-GP",104,0.0924606936380199,0.00374890295989336,0.894,0.00676829445353922,0.882333403950675,0.00828810501840977,0.176260700518017,0.00277688076654566,0.118041517868685,0.00301890875506563,12.251,0.0983650073688539,287.765,1.47547511053281,1000
"CA-AB-GP",106,0.0905551153865218,0.0035876880383528,0.899697580645161,0.00651837141271579,0.882350098120083,0.00807114397618463,0.174512250173192,0.00279500133360161,0.116799737431614,0.00306077250752292,12.3064516129032,0.0966907455716615,290.596774193548,1.45036118357492,992
"CA-AB-GP",108,0.0917582998425697,0.00388383429422865,0.895161290322581,0.00684766655200114,0.879955548420859,0.00873796806875327,0.174416072013426,0.00295692486600924,0.117470607618858,0.00321993695391421,12.4415322580645,0.0986475595826492,294.622983870968,1.47971339373974,992
"CA-AB-GP",110,0.0892611121308115,0.00364242715895574,0.90070564516129,0.0065339268134309,0.874843584900833,0.00851763234101749,0.171728884263413,0.00277055272908855,0.115770246570653,0.00304330208959786,12.5574596774194,0.0997759852037781,298.36189516129,1.49663977805667,992
"CA-AB-GP",112,0.0877727868013135,0.00378210379358732,0.90625,0.0064407672205954,0.875305170973865,0.00860838092834938,0.170115526606358,0.00286897639218811,0.114205763022039,0.00314368038535041,12.6844758064516,0.101190792456822,302.267137096774,1.51786188685233,992
"CA-AB-GP",114,0.0840744527030226,0.00345603265753711,0.907258064516129,0.00633619415614439,0.864019753619651,0.00843133042607364,0.168013556339829,0.00277955076712271,0.112355104525154,0.00303611306449184,12.8195564516129,0.1027096820962,306.293346774194,1.540645231443,992
"CA-AB-GP",116,0.0827403292953106,0.0033586341163865,0.908266129032258,0.00627038988252308,0.861166385851382,0.00853490649871202,0.166128376024616,0.00261776193395161,0.110725648480853,0.00288226957205436,12.9405241935484,0.104120158962712,310.107862903226,1.56180238444067,992
"CA-AB-GP",118,0.0839795620203575,0.00341168268382387,0.907258064516129,0.00633619415614439,0.859150256819124,0.00862242512182689,0.163436607191822,0.00254275783659405,0.107625712994097,0.00279812206580445,13.0655241935484,0.105108312535586,313.982862903226,1.57662468803379,992
"CA-AB-GP",120,0.0816849779797268,0.00338644771627804,0.911290322580645,0.0061921411583677,0.855881465803883,0.00877592006753907,0.161152383188156,0.00245769788879287,0.10590304329272,0.00271616608259171,13.1864919354839,0.106453429818975,317.797379032258,1.59680144728462,992
"IND-GP",20,0.181685964489155,0.00826368491009932,0.8925,0.00683670172601456,1.17974925907319,0.012580395870969,0.638329967965275,0.00623574734704832,0.500257646651622,0.00776602735288139,5,0,95,0,1000
"IND-GP",22,0.226648288889774,0.00870626224847062,0.8075,0.00879039367838671,1.19566789670215,0.0138440000255944,0.631789435555195,0.00650559104892409,0.508264289722799,0.00801896352150206,5.906,0.00923305200078767,110.59,0.138495780011815,1000
"IND-GP",24,0.270343623887384,0.0090541773511079,0.738,0.00989716898683426,1.21914535473797,0.0146352178743282,0.618907825654003,0.00643511320863966,0.504453155602513,0.00786130626554804,6.724,0.0160025023068294,124.86,0.240037534602441,1000
"IND-GP",26,0.296515228163719,0.00933255165155915,0.6995,0.010274011159489,1.22896979066741,0.0149984521139907,0.600169159002374,0.00633796546867196,0.495308125364847,0.00760539280957141,7.422,0.0227691553298412,137.33,0.341537329947618,1000
"IND-GP",28,0.31232344505332,0.00938345222194888,0.682,0.0104635312149143,1.22978869061368,0.0153306647550954,0.584660575291371,0.00612904979474348,0.487688901200205,0.00728918629843712,8.049,0.0279889689410379,148.735,0.419834534115568,1000
"IND-GP",30,0.315496572306966,0.00937392726047952,0.685,0.0105064449451461,1.2106383102172,0.0158347152564071,0.562125498945524,0.00600102485394396,0.46820647310463,0.0071152613149549,8.58,0.0323519187475279,158.7,0.485278781212918,1000
"IND-GP",32,0.319476705784335,0.00925850577363431,0.68,0.0105456726296245,1.20229428980695,0.0157135072928851,0.548792675756642,0.00593392264497172,0.459968977305698,0.00695105763156036,9.094,0.036145130660581,168.41,0.542176959908715,1000
"IND-GP",34,0.327833530613397,0.00941362178051068,0.6745,0.010555148561776,1.19750604561954,0.0158928364456333,0.53572391965531,0.0060653190655203,0.449571015675426,0.0070424407928055,9.56,0.0394709761465049,177.4,0.592064642197573,1000
"IND-GP",36,0.323118377958735,0.00933497096650569,0.6745,0.010555148561776,1.17820136455896,0.0158805683795302,0.516953397879407,0.00590918265425225,0.433258316302965,0.00685282783055666,9.984,0.0424210271391859,185.76,0.636315407087788,1000
"IND-GP",38,0.324657459252179,0.00929763871654718,0.671,0.0104099648110533,1.17014831226544,0.0155459892798132,0.49957239355732,0.00585594872952138,0.416871731592914,0.00677166853723601,10.393,0.0451063807635415,193.895,0.676595711453122,1000
"IND-GP",40,0.323682333920686,0.0093171373539555,0.6805,0.010381595615681,1.15699391642,0.0157602288433476,0.489067031379683,0.00581724588146284,0.406450234983509,0.00671564001770175,10.764,0.045939246994421,201.46,0.689088704916314,1000
"IND-GP",42,0.321217152395846,0.00924302934147024,0.679,0.0105389786065857,1.14587013767239,0.0158833312483498,0.477246462351635,0.00585575469813688,0.395925024953805,0.00674931295596398,11.174,0.0480836358445993,209.61,0.72125453766899,1000
"IND-GP",44,0.317071255286874,0.00916560761081045,0.6875,0.0103053359940348,1.13196209821511,0.015910416113931,0.470971942122043,0.00584447105814993,0.391562021330273,0.00671614142898933,11.534,0.0503127754688148,217.01,0.754691632032223,1000
"IND-GP",46,0.312430487263261,0.00890741630781361,0.694,0.0100730067738221,1.11029178263685,0.0156230194739952,0.461821191102058,0.00572162502305094,0.384456819071282,0.00658599208966675,11.885,0.0517731151801343,224.275,0.776596727702015,1000
"IND-GP",48,0.311286820012681,0.00893907512165192,0.7045,0.0100014888781511,1.10507627690057,0.0156107298738142,0.44931410748638,0.00561334548546736,0.372522594361882,0.00642418712021326,12.204,0.0536214440243757,231.06,0.804321660365636,1000
"IND-GP",50,0.310034643906424,0.00912203427784641,0.707,0.0102838104201097,1.09865261536464,0.015717070239641,0.438810596407408,0.00556733770455899,0.363848985256558,0.0063623193546423,12.517,0.0547970228544737,237.755,0.821955342817106,1000
"IND-GP",52,0.30725498449148,0.00886153542387746,0.711,0.010128256591417,1.08922620286963,0.0153792209634419,0.427586165459822,0.00547004469136838,0.353032826246418,0.00626101740350279,12.848,0.0568165831788935,244.72,0.852248747683403,1000
"IND-GP",54,0.30819727725208,0.00894739745740467,0.7125,0.0101339255200759,1.08525102640588,0.0154328232321712,0.416597025867233,0.00541854254790447,0.342274184001066,0.00619857143954909,13.131,0.0587306418174388,250.965,0.880959627261582,1000
"IND-GP",56,0.308673529554991,0.00887938250119347,0.711,0.010202111697246,1.08065129539139,0.0152628858113453,0.409135473096449,0.00530777356450433,0.33537093914916,0.00607131492280413,13.393,0.0609283453186057,256.895,0.913925179779086,1000
"IND-GP",58,0.299799463829427,0.00860674058584811,0.721,0.00996284388406535,1.06673819723569,0.0150834314121705,0.408819424740464,0.00549903853685456,0.336581376996664,0.00629604322045704,13.651,0.0627466025864041,262.765,0.941199038796062,1000
"IND-GP",60,0.300482324984662,0.00873274938399872,0.721,0.0100129545719163,1.05971473495217,0.0154865201040734,0.400769090599049,0.00526088140668026,0.329603181905645,0.00601319706461704,13.92,0.0649601402386095,268.8,0.974402103579143,1000
"IND-GP",62,0.303247180681309,0.0086436608126354,0.725,0.00997368911057862,1.05892103713708,0.0154207590311641,0.390299294030694,0.00523756176784855,0.318632417336694,0.00599153944182075,14.151,0.0677110314777716,274.265,1.01566547216657,1000
"IND-GP",64,0.302767474465379,0.00851876375708466,0.7255,0.00977216686540121,1.05261614779797,0.0153446902752054,0.377541584419247,0.00511412165080848,0.306215352565266,0.00585202675282073,14.381,0.0693299765299661,279.715,1.03994964794949,1000
"IND-GP",66,0.304361277141602,0.00859738489106655,0.7205,0.00996137435191445,1.05209288465154,0.0153342874033336,0.367110037869952,0.00513888574648802,0.29570670682943,0.00589453775499365,14.614,0.0712185093643224,285.21,1.06827764046484,1000
"IND-GP",68,0.302243730765312,0.00856536102626585,0.7225,0.01001718993002,1.04372890026637,0.0152948990397428,0.364128015712806,0.00504816086247564,0.293941997989358,0.00578542130013658,14.853,0.0729706496868139,290.795,1.09455974530221,1000
"IND-GP",70,0.298573314269195,0.00837977490320355,0.7275,0.00990413256382617,1.03687370114881,0.0149862338091773,0.358869810993483,0.00505280831945917,0.289366155647408,0.00578472395321857,15.071,0.0747097084758102,296.065,1.12064562713715,1000
"IND-GP",72,0.293944739429348,0.00837183425034605,0.7275,0.00985346846754181,1.0203016364661,0.0150482770494325,0.355882443286973,0.00509658158643536,0.286659800155123,0.00582564372882798,15.285,0.0767311062259802,301.275,1.1509665933897,1000
"IND-GP",74,0.292943731616894,0.0083329491445017,0.73,0.00978241768151901,1.01369036378627,0.0150189065922972,0.35084786663518,0.00505969197771915,0.282104721921472,0.00578611298704725,15.458,0.0785391902454081,305.87,1.17808785368112,1000
"IND-GP",76,0.289785428954345,0.00843148678316701,0.7355,0.00968935671928914,1.01209471828421,0.0150630523897261,0.347888309744481,0.00516991903030401,0.280146814714182,0.0058898352273536,15.629,0.0803729980703645,310.435,1.20559497105547,1000
"IND-GP",78,0.289984964232505,0.00845677089900361,0.735,0.00974011652239694,1.00973755245472,0.0151448211532965,0.341007947052479,0.00512891000776532,0.273714881057972,0.00584622231875586,15.804,0.0816961336799867,315.06,1.2254420051998,1000
"IND-GP",80,0.287605742290657,0.00838861873995972,0.737,0.00969148724009504,1.00553265823152,0.0151578808532169,0.334461595562908,0.00506354573736019,0.267682116130526,0.00576085575790799,15.976,0.0824756098869613,319.64,1.23713414830442,1000
"IND-GP",82,0.28870055333473,0.00837913753049688,0.7385,0.00951095201376856,1.00096526451085,0.0148760798513767,0.326031103579158,0.00501840874078643,0.25855494222653,0.00572086218235377,16.131,0.0840291610091396,323.965,1.26043741513709,1000
"IND-GP",84,0.286533945448954,0.00821534895694207,0.7405,0.00951316194807227,0.995381615129089,0.014718333485213,0.323705930552394,0.00502777762619868,0.257023393829228,0.00571336555064482,16.31,0.0855173269765444,328.65,1.28275990464817,1000
"IND-GP",86,0.291616233628139,0.00826320114429313,0.736,0.00956009390097165,1.00189585769964,0.0146380967352809,0.315274966993322,0.0048664284385393,0.248540803467804,0.0055316617901603,16.453,0.0869445245564685,332.795,1.30416786834703,1000
"IND-GP",88,0.2952858256852,0.00827899868735191,0.733,0.00960746081455986,1.00886925605076,0.0145427211859495,0.308535363699832,0.00475129042967024,0.242090683356083,0.00539227867881055,16.614,0.0880611080940886,337.21,1.32091662141133,1000
"IND-GP",90,0.29403939831572,0.00823920129939368,0.7315,0.00955243419234066,1.00021104054854,0.014729026075148,0.303889135027889,0.0047965803538894,0.238420394191433,0.00544444100393324,16.763,0.08972670662563,341.445,1.34590059938445,1000
"IND-GP",92,0.290602030886193,0.00825385712247513,0.739572736520855,0.00959287631995771,0.993748910198395,0.0147277521066646,0.299346251440407,0.00482533433616104,0.234269498787644,0.00547575283823542,16.7711088504578,0.0878242432535748,343.566632756867,1.31736364880362,983
"IND-GP",94,0.290490438594061,0.00830006443502556,0.74059003051882,0.00962090415496682,0.98798615515074,0.0148262396938413,0.293579598437759,0.00472287799260038,0.228465266472964,0.00535339161941714,16.8911495422177,0.0893204726086603,347.367243133266,1.3398070891299,983
"IND-GP",96,0.288333383850861,0.00838143087008369,0.745167853509664,0.00959740690243257,0.986743933883519,0.0149860487161564,0.291319818812591,0.00479573975726207,0.226850093830114,0.00541808651118238,17.0091556459817,0.0909386118217434,351.137334689725,1.36407917732615,983
"IND-GP",98,0.287236922856671,0.00835324252666175,0.742115971515768,0.00972936544535506,0.980245238692583,0.0150173356366508,0.287813804482572,0.00476333995768042,0.223407809685441,0.00537927760860781,17.1566632756867,0.092312076411436,355.3499491353,1.38468114617154,983
"IND-GP",100,0.288979198004594,0.00851601173309778,0.742115971515768,0.00980889715367923,0.979859412791999,0.0152110649952323,0.285744473386437,0.00476680603012985,0.222077174952195,0.00533074748098388,17.2736520854527,0.0932694888415835,359.10478128179,1.39904233262375,983
"IND-GP",102,0.288153733661389,0.00857221712992406,0.743133265513733,0.00991471765408478,0.980376077913792,0.0153435714548302,0.279896132872486,0.00459670594653623,0.216412515156667,0.00515917735200642,17.3886063072228,0.09365833726347,362.829094608342,1.40487505895205,983
"IND-GP",104,0.287051836318715,0.0084923635642674,0.744150559511699,0.00978391266464656,0.971909112432042,0.0154405553681783,0.274592836462228,0.00456748420858269,0.21126102349071,0.00514189405670294,17.4771108850458,0.0943069263948137,366.156663275687,1.41460389592221,983
"IND-GP",106,0.289052440288906,0.00875802293644939,0.742521367521368,0.0100530864767289,0.970098093778202,0.0160726267445102,0.272224522363982,0.00460006973902625,0.210027929186394,0.00520718015580934,17.3194444444444,0.0909012904134419,365.791666666667,1.36351935620163,936
"IND-GP",108,0.285690699357525,0.00877032581699208,0.742521367521368,0.0100814617893104,0.965403689791507,0.0159615905670079,0.267344178315834,0.00453416791837459,0.205684120505602,0.00513440311020563,17.4348290598291,0.0917056096469882,369.522435897436,1.37558414470482,936
"IND-GP",110,0.281450659753068,0.00870395217725759,0.745192307692308,0.0101114931279886,0.960148778393542,0.0157833367532835,0.267578749161344,0.00454995853834362,0.206683740985345,0.00515654416661179,17.5438034188034,0.0929320626873202,373.157051282051,1.3939809403098,936
"IND-GP",112,0.281587684393482,0.00875183135979971,0.74732905982906,0.010168678988479,0.959862116503988,0.0157417956291805,0.264748509663872,0.00457311333312206,0.203974643931256,0.00516853203012805,17.6228632478632,0.0934205504624326,376.342948717949,1.40130825693649,936
"IND-GP",114,0.282419758111016,0.008710767329489,0.750534188034188,0.00994176866723454,0.96170635679573,0.0157100910247928,0.259761769358143,0.00454698161517689,0.198939032284999,0.00514732687380061,17.7029914529915,0.093479002941642,379.544871794872,1.40218504412463,936
"IND-GP",116,0.279658213243013,0.00868275501606392,0.75534188034188,0.00991146941057395,0.955900824316873,0.0157083899288056,0.257500996210873,0.00453667739687682,0.197373097321777,0.00512272087375308,17.7852564102564,0.0938718070067742,382.778846153846,1.40807710510161,936
"IND-GP",118,0.277437271089218,0.00861573653257267,0.754807692307692,0.00982491996252399,0.955379972514828,0.0156191594456364,0.255350657733845,0.00448880039464071,0.195700065548666,0.00507379922181551,17.8675213675214,0.0946822553467649,386.01282051282,1.42023383020147,936
"IND-GP",120,0.275250935501671,0.00861563951968186,0.75801282051282,0.00973504658232543,0.950209409008515,0.0156552453115899,0.253256190069353,0.00447194169514532,0.194022343588593,0.00502815253150191,17.9476495726496,0.0950487955603787,389.214743589744,1.42573193340568,936
"P-GP",20,0.120868730030656,0.00670549946968422,0.9415,0.00559992045560552,1.09281297721612,0.0102656102623594,0.52058806384476,0.00581598518004917,0.377118153324549,0.00771449669378862,5,0,95,0,1000
"P-GP",22,0.208725465375994,0.00883320950367105,0.8035,0.0102343779729152,1.16067048984946,0.0126627895414473,0.509106300016517,0.00577282487968687,0.376714126957142,0.00742255927577807,5.924,0.00838416926679646,110.86,0.125762539001947,1000
"P-GP",24,0.303329126574089,0.010029956934043,0.67,0.0113679034667448,1.2380454271129,0.0150148194579021,0.516075040651077,0.00599889912561543,0.398798442334645,0.00742087976960062,6.818,0.0148018612037505,126.27,0.222027918056258,1000
"P-GP",26,0.310821615867798,0.0100157366885822,0.6755,0.0108428463660294,1.21535086539089,0.0145734678287798,0.489179795200203,0.00587893509268151,0.37633796413265,0.00722863518139834,7.547,0.0232880512996114,139.205,0.349320769494171,1000
"P-GP",28,0.29322893032681,0.0100369578031996,0.696,0.0107097478354394,1.19320775115168,0.0145223934780551,0.479555380895901,0.00601332268888097,0.375759196063681,0.00733793430193511,8.055,0.0290313247685637,148.825,0.435469871528455,1000
"P-GP",30,0.300883060787699,0.010206090709387,0.6865,0.0110946311719156,1.18522343223132,0.0147173270185303,0.461080675870907,0.00605720560043463,0.360729603043798,0.00733484642333675,8.46,0.0329163102957103,156.9,0.493744654435654,1000
"P-GP",32,0.278736946287587,0.00989748191632999,0.7095,0.0105342641281069,1.1396063572155,0.0142786303707468,0.447997452338057,0.00610988087838682,0.350647442408108,0.00735911362507594,8.823,0.0344798471554017,164.345,0.517197707331025,1000
"P-GP",34,0.280409181018382,0.00998356099380618,0.714,0.0104313380164202,1.12260968994892,0.0143725720492906,0.432471611759093,0.0060175809971226,0.338248918263927,0.00720920618682652,9.16,0.0367389405093526,171.4,0.551084107640289,1000
"P-GP",36,0.274317860501569,0.00975358706254,0.7165,0.0103191198381565,1.10092545314829,0.013932221909815,0.42378110618387,0.00618502474536127,0.331199344117435,0.00733166251903789,9.483,0.0394114737641751,178.245,0.591172106462627,1000
"P-GP",38,0.2638135637922,0.00922652007518566,0.7185,0.0100552900932225,1.07254908123118,0.0130007866211941,0.398845987659554,0.00582623451843331,0.306453848881849,0.00695151067262411,9.781,0.0412157462353618,184.715,0.618236193530427,1000
"P-GP",40,0.250449937129022,0.00897757878317044,0.7355,0.00984310096649611,1.04874685715078,0.0128144815405329,0.400312690871582,0.00606756486971833,0.310619897291938,0.00716725162419301,10.098,0.0438214139013829,191.47,0.657321208520744,1000
"P-GP",42,0.248647050229403,0.00906531396247188,0.7445,0.00982681618411153,1.04908430485141,0.0129280245973925,0.39194778584456,0.00600701174664532,0.304431004653817,0.00707903704533809,10.39,0.046584010884316,197.85,0.69876016326474,1000
"P-GP",44,0.240398984454921,0.00892569369254615,0.7495,0.00982834402869305,1.03255896049952,0.0127828895984686,0.380213347668849,0.00596919293335875,0.29225124928319,0.00698523540711391,10.656,0.0493568647717833,203.84,0.740352971576749,1000
"P-GP",46,0.250898599314986,0.0090306068979661,0.7375,0.0099218038779343,1.03964149447461,0.0125123714025627,0.360752454178489,0.00561325444933636,0.273028558222628,0.00657004207468107,10.925,0.0526131461057324,209.875,0.789197191585986,1000
"P-GP",48,0.241627198507711,0.00899267416399877,0.7535,0.00969957895126545,1.02474234089577,0.012765317546499,0.358474410990378,0.00564052939841364,0.271992150738178,0.00660242851808553,11.182,0.0558390006536112,215.73,0.837585009804168,1000
"P-GP",50,0.237293794096938,0.00883015600921865,0.762,0.00956281587438802,1.01517974034823,0.0124313330036756,0.350246816562031,0.00564090968489608,0.265570008675914,0.00655236751237999,11.412,0.0587171499964338,221.18,0.880757249946507,1000
"P-GP",52,0.228865046856774,0.00869581817376431,0.7745,0.00924582258294173,0.999283795867847,0.0124949073765838,0.343994423391803,0.00566121899045732,0.259216942110194,0.00659163103051023,11.661,0.0621445165798314,226.915,0.932167748697471,1000
"P-GP",54,0.228975050614063,0.00877957230931089,0.768,0.00931465312090379,0.996056103490945,0.0126455608574088,0.333323576812374,0.00550529109128622,0.248888445847556,0.00640691628268654,11.902,0.0656864575899075,232.53,0.985296863848612,1000
"P-GP",56,0.228582310965952,0.00883790716903301,0.7795,0.00925826471135199,0.994227811063635,0.0124094052203836,0.320663718784861,0.00528950170285328,0.236897644367296,0.0061398267255734,12.121,0.0686226498181764,237.815,1.02933974727265,1000
"P-GP",58,0.222485572218667,0.00877306365010859,0.788,0.00914547099058543,0.984765821628974,0.0122991441275046,0.316433344150268,0.00529097157612196,0.233180347331268,0.00614522072324333,12.345,0.0717155361000538,243.175,1.07573304150081,1000
"P-GP",60,0.225752400456279,0.00884148829189917,0.787,0.00914957456468413,0.991301378889396,0.0123246856947392,0.304534184160555,0.00507481899695596,0.221650089878354,0.00589024276324373,12.566,0.0744122381143128,248.49,1.11618357171469,1000
"P-GP",62,0.22218007966878,0.00879588587573744,0.789,0.00922301816457411,0.978465281903718,0.0126406151054431,0.299589799159002,0.00486258271606556,0.217657176773592,0.0056329175855529,12.761,0.076783948679231,253.415,1.15175923018846,1000
"P-GP",64,0.218800843693772,0.00893693420248462,0.7985,0.00917779831887703,0.973562335367486,0.0129554822174665,0.293136984013516,0.00476612091951285,0.211567355009044,0.00552459735999648,12.957,0.07995964322422,258.355,1.1993946483633,1000
"P-GP",66,0.213151705118229,0.00885982833752096,0.804,0.0090921211313239,0.967513609333335,0.0127242832321077,0.288986634162112,0.00491833779820896,0.2087994458926,0.00566075009654956,13.146,0.0833884742493688,263.19,1.25082711374053,1000
"P-GP",68,0.208279585260713,0.00871123001407451,0.807,0.00901844400838262,0.960296860880161,0.0123690199615563,0.281170923118524,0.00472835631219929,0.200883575793804,0.00543188437111509,13.339,0.086819448377749,268.085,1.30229172566623,1000
"P-GP",70,0.20950563424336,0.00879683497803587,0.806,0.00902471303950688,0.957982699680456,0.0126429286938508,0.27786883621741,0.00464411465819215,0.198806098484321,0.00532059181717004,13.535,0.0903822103289355,273.025,1.35573315493403,1000
"P-GP",72,0.203653062278702,0.00871649509030225,0.8165,0.0088970167419707,0.946200164935771,0.0128115980632505,0.273084474662806,0.00468880625269388,0.194962824284,0.00537034217954659,13.718,0.0936976800953751,277.77,1.40546520143063,1000
"P-GP",74,0.199610369639542,0.00868138279330187,0.825,0.00885739541024637,0.940560441007107,0.0126905427312114,0.266985770233795,0.0046522398681624,0.190392333631101,0.00532046783120468,13.896,0.0968946467694298,282.44,1.45341970154145,1000
"P-GP",76,0.19660303629991,0.00862781867355894,0.826961770623742,0.0087016427175833,0.934546399057895,0.012764256256676,0.262548112054571,0.00456876661250196,0.18716035009269,0.00523630821355182,13.9889336016097,0.0962545234001763,285.834004024145,1.44381785100264,994
"P-GP",78,0.194269560515815,0.00856529851576558,0.829476861167002,0.00862027997981333,0.932028002322673,0.0127041904902313,0.256875849709953,0.0044151802826944,0.182282647635969,0.00505765205374194,14.1629778672032,0.0994472169165069,290.444668008048,1.4917082537476,994
"P-GP",80,0.19325592385127,0.00859297837124595,0.833501006036217,0.00852265386950027,0.925353465987374,0.0126278017394453,0.254179581634564,0.00446182343716483,0.178990237855343,0.00508402458035266,14.3370221327968,0.102796036386216,295.055331991952,1.54194054579325,994
"P-GP",82,0.187686545616114,0.0085308031230047,0.837525150905433,0.00848189503282903,0.912177645053915,0.0127946489478754,0.250309332979619,0.00440857990201924,0.176395760599018,0.00504065974424015,14.4909456740443,0.105751274832937,299.364185110664,1.58626912249405,994
"P-GP",84,0.187722056194884,0.00846858809275721,0.835010060362173,0.00853733612363955,0.909525694380554,0.0127304000672827,0.246556870862918,0.00431701327836001,0.173271838368809,0.00490227754563012,14.6539235412475,0.108841426286236,303.808853118712,1.63262139429355,994
"P-GP",86,0.187518862557402,0.0084736085236562,0.836016096579477,0.00843760300731211,0.912806022014045,0.0126107721009131,0.241031374558446,0.00410375403570886,0.16919831972078,0.00464143599419502,14.8028169014085,0.110853902192035,308.042253521127,1.66280853288052,994
"P-GP",88,0.181373069700122,0.00846624852140228,0.843561368209256,0.00835635280324059,0.900079570363569,0.0126865601418319,0.237511651101036,0.00418889814428654,0.165080845081721,0.0047464383423851,14.9486921529175,0.113504737481438,312.230382293763,1.70257106222157,994
"P-GP",90,0.178805025303746,0.00842799976785777,0.845070422535211,0.00830875477189877,0.896919087841682,0.0127773065712913,0.236244316831944,0.00432636573996626,0.164392252667328,0.00487238110155903,15.1056338028169,0.116123393196804,316.584507042254,1.74185089795205,994
"P-GP",92,0.181010234458364,0.00859058578700866,0.841004184100418,0.00852379499662292,0.894944073756218,0.0132228387354713,0.233798413281343,0.00432308564736397,0.16356444870487,0.00481781897233507,14.8692468619247,0.107591818083116,315.03870292887,1.61387727124674,956
"P-GP",94,0.174857138165247,0.00850338402689563,0.848849372384937,0.00839927403018097,0.882632106569294,0.01320878109003,0.228353841579085,0.00424426468795102,0.15821232211396,0.00473168305704359,15.0135983263598,0.109819449694499,319.203974895397,1.64729174541748,956
"P-GP",96,0.173046202184293,0.00848198022260542,0.850418410041841,0.00844486395500488,0.879027021722541,0.01321188105992,0.224273844786735,0.00412291163045203,0.154150816169505,0.00459672405005622,15.1401673640167,0.111504037207192,323.102510460251,1.67256055810787,956
"P-GP",98,0.167714088969352,0.00829886844495402,0.856171548117155,0.00830517115355769,0.871446452482748,0.0131803332259211,0.222498534269353,0.00410926562234392,0.153419383400105,0.0045860247515061,15.2541841004184,0.113016436484033,326.812761506276,1.69524654726049,956
"P-GP",100,0.165954175628549,0.00826863106425417,0.860355648535565,0.00824786072855399,0.875503673205478,0.0131994416439842,0.218941469215102,0.00395223943940463,0.149546441050916,0.00442275379732994,15.3650627615063,0.114309462701903,330.475941422594,1.71464194052855,956
"P-GP",102,0.162060255438536,0.00817765341022861,0.864016736401674,0.00809469463819971,0.86143143766405,0.0133575243884564,0.216227774820737,0.00399096902094027,0.147206310338102,0.00447740295227847,15.4612970711297,0.115320563586241,333.919456066946,1.72980845379362,956
"P-GP",104,0.163154086583216,0.0083241445913859,0.86244769874477,0.0082182192254229,0.859346287103495,0.0136585495180703,0.20983560931813,0.00376822146682792,0.140741545090106,0.00421292398014089,15.5543933054393,0.116523402320142,337.31589958159,1.74785103480213,956
"P-GP",106,0.164949419294074,0.00864652613542735,0.85706340378198,0.0086125643899081,0.857756425041229,0.0141270368512272,0.210747521901395,0.00408976967183871,0.142569955055578,0.00455733109413186,15.1657397107898,0.106962393738192,333.486095661846,1.60443590607289,899
"P-GP",108,0.16377206513528,0.00858681376288224,0.854282536151279,0.0087217797190582,0.857752743495846,0.0140751923806782,0.207628219662968,0.00409033377867698,0.139725236729103,0.00453493395047202,15.258064516129,0.107803456673539,336.870967741935,1.61705185010309,899
"P-GP",110,0.161429845561922,0.00849870885931921,0.85817575083426,0.00852472616199894,0.855233270949324,0.0141769637466855,0.205227680069475,0.00393181158167557,0.137739701261507,0.00438236666078536,15.3459399332592,0.10889686471352,340.189098998888,1.6334529707028,899
"P-GP",112,0.158640862364997,0.00841194243439853,0.860956618464961,0.008557514544481,0.847020742403647,0.0141735056728965,0.201695994557795,0.00374447900676714,0.134837452161475,0.00418503492192334,15.4282536151279,0.109807090977823,343.423804226919,1.64710636466734,899
"P-GP",114,0.157339926582404,0.00845151356391702,0.862068965517241,0.00850502485915691,0.840365173691565,0.0144612227997352,0.198632589252729,0.00370081894997993,0.13163702309822,0.00413981478999563,15.5083426028921,0.110283033426007,346.625139043382,1.6542455013901,899
"P-GP",116,0.155775015896196,0.00837327302419151,0.865406006674082,0.00841847880650503,0.834921599128445,0.0142088208814376,0.195071198269243,0.00356991912300952,0.12865530057331,0.00398548906427804,15.5939933259177,0.111089460258979,349.909899888765,1.66634190388468,899
"P-GP",118,0.154952459804003,0.00834167176307248,0.863737486095662,0.0084437280486104,0.83544404356777,0.0141703544928394,0.19346775671379,0.0036948727500408,0.127461646331396,0.00410520861150577,15.6751946607341,0.11213463009447,353.127919911012,1.68201945141705,899
"P-GP",120,0.152724809835847,0.00832831477593532,0.871523915461624,0.00828476182729137,0.833331145974209,0.0140833980508325,0.189414447788647,0.00338215645224645,0.123959527544459,0.00379220550461906,15.7586206896552,0.113011955786494,356.379310344828,1.69517933679742,899
"S-GP",20,0.0690869913652327,0.00467652263737224,0.986,0.00371723254825654,1.02757607641973,0.007540700992636,0.522546038706647,0.0071750323719478,0.394735209798887,0.00927260097830974,5,0,95,0,1000
"S-GP",22,0.140620569513728,0.00715784011204213,0.84,0.0103444191237114,1.06505795534403,0.0103850858167751,0.503645035366849,0.00676001232468459,0.389303437422869,0.00857238764260178,5.897,0.00961683333969574,110.455,0.144252500095436,1000
"S-GP",24,0.244031124448687,0.010086064152978,0.707,0.012259743117264,1.15254499114431,0.0144445738205583,0.513854855484361,0.00710721494217774,0.41507183308119,0.00864987025638739,6.785,0.0158438008705622,125.775,0.237657013058432,1000
"S-GP",26,0.228034351483413,0.00975416933764869,0.7405,0.0112488348857242,1.11313342458528,0.0131755276080744,0.484580283403873,0.00701083524934035,0.390631185934798,0.00850582297179318,7.482,0.0241300281445807,138.23,0.361950422168711,1000
"S-GP",28,0.231679803606503,0.00997218396098814,0.7415,0.0110022179036228,1.10731171715961,0.0134172971693153,0.467425329371058,0.00703810345304489,0.380672380629528,0.00842049252159332,7.909,0.0295904476916892,146.635,0.443856715375338,1000
"S-GP",30,0.222163939129965,0.00954176275769406,0.738,0.0109533545535592,1.08628229816345,0.0128053550755343,0.446875711566174,0.0070120494168092,0.364176039355361,0.0083133713776967,8.242,0.0324729193404364,153.63,0.487093790106546,1000
"S-GP",32,0.223154794484418,0.00938723451143328,0.7385,0.0107463125412038,1.08100955751885,0.0123653029107953,0.430838019669124,0.00700960616124764,0.349818594227976,0.00824467068063308,8.569,0.0344445267847509,160.535,0.516667901771264,1000
"S-GP",34,0.23577724909884,0.00972248635380695,0.7215,0.0109456638701158,1.0881871281919,0.0128517307547983,0.413265089862425,0.00694901594566834,0.335155664211822,0.00808237229311992,8.865,0.0349284267466343,166.975,0.523926401199514,1000
"S-GP",36,0.237071648126586,0.00967026187741405,0.7225,0.0108333333333333,1.08572514385637,0.0127397158293016,0.402501486324357,0.00698664110643715,0.325207505643968,0.00809008920591167,9.17,0.0356141596611287,173.55,0.534212394916931,1000
"S-GP",38,0.238750828523077,0.00978923296049086,0.7265,0.0107500378284596,1.08855704593523,0.0128435197735435,0.391130696385031,0.00692156753205897,0.316120713271429,0.00798198952603305,9.467,0.038031005210977,180.005,0.570465078164655,1000
"S-GP",40,0.240455979774517,0.00971377614811307,0.7205,0.0109430114456442,1.09212373024097,0.0127738192416513,0.375309705438572,0.00697931591491721,0.299910668330564,0.0079899274317931,9.775,0.0402491614197736,186.625,0.603737421296605,1000
"S-GP",42,0.244327101243787,0.0100102868066924,0.7245,0.010768737888709,1.09671502069052,0.0133623576325836,0.368070410900562,0.00691821933122889,0.294286167382497,0.00787986305361034,10.059,0.0420866996839891,192.885,0.631300495259837,1000
"S-GP",44,0.241120982327836,0.00996637911968345,0.7375,0.0105809123286088,1.09178047844097,0.012812401158288,0.351353763279621,0.00683089401746344,0.27883082229687,0.00777805869715895,10.356,0.0446459097483438,199.34,0.669688646225157,1000
"S-GP",46,0.234824332449848,0.00968783394105127,0.746,0.0104207769668385,1.08312252704016,0.0123882352132914,0.346845765078619,0.00673460411532728,0.275001602818908,0.007641619465168,10.64,0.0484225644172709,205.6,0.726338466259063,1000
"S-GP",48,0.233794408073283,0.00966795086746429,0.75,0.0102520780871541,1.0781653322025,0.0122223076476258,0.33407301041765,0.00666315598524374,0.262699069275889,0.00754322352583002,10.931,0.0506834076183499,211.965,0.760251114275248,1000
"S-GP",50,0.232544024640179,0.00970562482285904,0.7555,0.0100284754733868,1.07540337199105,0.0124866021323057,0.334667480560952,0.00673684623487223,0.265190362997026,0.0076331421941403,11.177,0.053127144601357,217.655,0.796907169020355,1000
"S-GP",52,0.23612509761582,0.00975630191623783,0.7505,0.0100797495678886,1.07445207467071,0.0122904648900609,0.317953223482082,0.00653104958971853,0.249114037038096,0.00738407197371031,11.409,0.0565412762140714,223.135,0.848119143211071,1000
"S-GP",54,0.231146218867198,0.00956074507768803,0.7525,0.0100296731923002,1.06635859501766,0.0119405360216352,0.310869901193873,0.00644281926830949,0.243821911650494,0.00729058488897354,11.664,0.0598220919283393,228.96,0.89733137892509,1000
"S-GP",56,0.234306495355266,0.00966848131274447,0.7475,0.0101536617457372,1.0704889231204,0.0118783185218021,0.303092650709088,0.00646631922365735,0.236844375308655,0.00726462745354141,11.894,0.0628865543555911,234.41,0.943298315333867,1000
"S-GP",58,0.226148975580947,0.00946339148051816,0.7615,0.00977052778580631,1.05977435843207,0.0115768102127804,0.300515039409345,0.006487504024649,0.235616799928153,0.00724965274563052,12.136,0.0660292652076628,240.04,0.990438978114941,1000
"S-GP",60,0.223580140005001,0.00933859730267832,0.7575,0.00977442015105189,1.05169976895712,0.0112552849246708,0.291935300047919,0.00631487953716858,0.228486877401892,0.00706412799043714,12.361,0.0696529290879467,245.415,1.0447939363192,1000
"S-GP",62,0.229163139600512,0.00946545890807571,0.7505,0.00990443576625382,1.05535197559907,0.011243893861624,0.282984954047199,0.00610601800903438,0.220376522214214,0.00681706136082215,12.574,0.0738781563250057,250.61,1.10817234487509,1000
"S-GP",64,0.225474205154872,0.00936626864543185,0.7555,0.00969865010265933,1.04914815517269,0.01123355794428,0.284476137878987,0.00634578202194717,0.224022449823634,0.00703556285922456,12.762,0.0772873167429775,255.43,1.15930975114466,1000
"S-GP",66,0.228168001188283,0.00953478571251173,0.7605,0.00966867277516585,1.05632354770472,0.0110731924517406,0.274580128203179,0.00615584453028599,0.214548306117778,0.00681257129911942,12.955,0.0806565588187376,260.325,1.20984838228106,1000
"S-GP",68,0.221999459204217,0.0093705868718614,0.7655,0.0094524652392431,1.04780853108527,0.0112367867726973,0.275671712391683,0.00611409603206257,0.216592305955852,0.00675076009013467,13.138,0.083892752928927,265.07,1.25839129393391,1000
"S-GP",70,0.214760201005156,0.0091848883085795,0.7685,0.00944706287673566,1.03973422906622,0.0109238906877283,0.269075728353741,0.00597424238920687,0.209770596914346,0.00661188325065067,13.323,0.0876604549118664,269.845,1.314906823678,1000
"S-GP",72,0.218059173677829,0.00924587854650077,0.7685,0.00949989463088923,1.04315309023614,0.0107460195170112,0.256269251768768,0.00546958716354162,0.197022684277722,0.00608330093997816,13.51,0.0917841180396931,274.65,1.3767617705954,1000
"S-GP",74,0.212311196784336,0.00902156872841676,0.773,0.00943716377202706,1.03922461074873,0.0102542915398065,0.254286093546652,0.00543041028253123,0.196453997471222,0.0060302710045172,13.709,0.0950860681717378,279.635,1.42629102257607,1000
"S-GP",76,0.211854724473645,0.00913832343517151,0.773046092184369,0.00947593625766597,1.04209568648022,0.0106025705580005,0.24841229494615,0.0054079137120557,0.190709011070165,0.00597653260733217,13.8466933867735,0.0975966828329803,283.700400801603,1.46395024249471,998
"S-GP",78,0.212298116358837,0.00920651510358011,0.771042084168337,0.00955978637171018,1.04283873947651,0.0107504481974723,0.243108772251145,0.00531569753747241,0.185614792735662,0.0058807989546495,14.0220440881764,0.101632172800791,288.330661322645,1.52448259201187,998
"S-GP",80,0.209573836128823,0.00905887796895252,0.770541082164329,0.00953456353891504,1.03638262914267,0.0106088825414658,0.241236645084163,0.00531401584715929,0.184567655068503,0.00586095721628344,14.1703406813627,0.104679344492571,292.555110220441,1.57019016738856,998
"S-GP",82,0.203200518206041,0.00890193136250831,0.781563126252505,0.00934434704678554,1.03347207829298,0.0101585450951942,0.236140722432605,0.00529636734029739,0.1800475993039,0.00586099985159253,14.3176352705411,0.107246209049644,296.764529058116,1.60869313574466,998
"S-GP",84,0.206849887384322,0.00899296472824455,0.778056112224449,0.00938237954428433,1.03628486300626,0.0103409722029492,0.232133320427313,0.00519430317038872,0.176811186376733,0.00573636356494467,14.4779559118236,0.110744131936076,301.169338677355,1.66116197904114,998
"S-GP",86,0.209249125049846,0.00904559718757301,0.776553106212425,0.00944014777091517,1.03799539084312,0.010379165062653,0.225593063464047,0.00497907156277489,0.171128697642986,0.00548919910842714,14.6122244488978,0.113778649551247,305.183366733467,1.7066797432687,998
"S-GP",88,0.20748037860724,0.00900040461745467,0.773547094188377,0.00944814505108997,1.03398598742907,0.0104784866055388,0.225326782510554,0.00498967555529107,0.17229457695935,0.00547574427986683,14.7645290581162,0.116401587966336,309.467935871743,1.74602381949504,998
"S-GP",90,0.206022857312644,0.00896972308971004,0.779058116232465,0.00927154824687267,1.03260263932885,0.0102953901616999,0.220083270060649,0.00480634384897094,0.167465325532404,0.00528950003514997,14.8797595190381,0.118480695865176,313.196392785571,1.77721043797764,998
"S-GP",92,0.204072035330158,0.00922283934273892,0.78803777544596,0.00931273555776345,1.03529851937629,0.0103774838153178,0.218302233496352,0.00509186766524531,0.166177966199381,0.00555830175972021,14.5561385099685,0.107308963072659,310.342077649528,1.60963444608988,953
"S-GP",94,0.20771365171807,0.00936827185756445,0.791185729275971,0.00929865997068568,1.04323975065735,0.0104642223114642,0.213507075873977,0.00493812862973072,0.162200228935478,0.00537727830460179,14.6831059811123,0.109510426611423,314.246589716684,1.64265639917134,953
"S-GP",96,0.20541771874132,0.00920071301238315,0.789611752360965,0.0093058402481481,1.03705597921896,0.0103587272588168,0.210897420651223,0.0049441071218561,0.15999526573928,0.00541441721803718,14.803777544596,0.111485531718363,318.05666316894,1.67228297577544,953
"S-GP",98,0.20032825483802,0.00901698449115217,0.790661070304302,0.00927141152514195,1.03054504786777,0.00997989330356959,0.208950426658813,0.00498051992915605,0.158444712918252,0.00541331790711786,14.8929695697796,0.112825904744842,321.394543546695,1.69238857117264,953
"S-GP",100,0.198340000066011,0.00899190110573074,0.790136411332634,0.00930347851746538,1.02824778616796,0.00998509125649145,0.206504951640701,0.0050307975753571,0.156141503609172,0.0054611079962238,14.9811122770199,0.114159232999016,324.716684155299,1.71238849498524,953
"S-GP",102,0.197367020594483,0.00902397604680476,0.794333683105981,0.00928344184107723,1.02867437976863,0.00999885573725393,0.202918383489949,0.00490390706243031,0.153727191140027,0.0053210904732572,15.0745015739769,0.115187942456098,328.117523609654,1.72781913684147,953
"S-GP",104,0.195293038861399,0.00892483149703219,0.793809024134313,0.00925633602389885,1.02521908782864,0.00987635709111072,0.201512585260054,0.00491767334638202,0.152439026625823,0.00533745075331691,15.1594963273872,0.116718590379429,331.392444910808,1.75077885569144,953
"S-GP",106,0.20022470462779,0.00930797490884489,0.793598233995585,0.00949384775611384,1.03182652299741,0.0102705652539907,0.19855377103032,0.00499944019566113,0.150803736384159,0.00543328928468816,14.8377483443709,0.107759679872056,328.566225165563,1.61639519808084,906
"S-GP",108,0.198848701704546,0.00924148826090173,0.796909492273731,0.00937936920353054,1.03128845022453,0.0100606273103633,0.19699329534241,0.00494801349746232,0.150055253034139,0.00536872484281128,14.9370860927152,0.109110859209274,332.056291390728,1.63666288813911,906
"S-GP",110,0.197236229034625,0.00914957869546887,0.793598233995585,0.00942939705959816,1.02788247915156,0.00993873659749805,0.194226519686614,0.00483891258597527,0.147767706088767,0.00525598531441872,15.0198675496689,0.110379032292501,335.298013245033,1.65568548438752,906
"S-GP",112,0.196453633478974,0.00919298549760912,0.798013245033113,0.00943803017829248,1.03089032877822,0.00988865338283704,0.190151187346316,0.00465471011277503,0.143835175820822,0.00506004388283655,15.1059602649007,0.111839951993745,338.58940397351,1.67759927990618,906
"S-GP",114,0.197119498216031,0.00927097474422776,0.796909492273731,0.00934680472149613,1.02977996950031,0.0104008905871821,0.187399336330408,0.0046156825220747,0.141466698851993,0.0050080657252906,15.1788079470199,0.112563911693876,341.682119205298,1.68845867540814,906
"S-GP",116,0.193797750243848,0.00916055758487107,0.801876379690949,0.00931775695269256,1.02959091274607,0.0102210912714008,0.184447860709401,0.00437452032989826,0.139425734869458,0.00475586370910157,15.242825607064,0.11358612018498,344.64238410596,1.70379180277469,906
"S-GP",118,0.188878454570162,0.00898247238161957,0.802980132450331,0.00931089200437684,1.02403746947856,0.0101406315403286,0.185369478850438,0.00449077742877177,0.140104729640109,0.00486914916385258,15.3211920529801,0.114425658253708,347.817880794702,1.71638487380563,906
"S-GP",120,0.189841945203116,0.00914850569208486,0.808498896247241,0.00924137941843212,1.03082972096694,0.0102400161108394,0.179119124041773,0.00423027024793284,0.1336487780021,0.00459739889974454,15.3885209713024,0.115315957593119,350.827814569536,1.72973936389679,906
